step,sr_dense,sr_sparse,pe_dense,pe_sparse
0,0.03,0.02,0.1,0.08
10000,0.07128667891196253,0.05450529354595561,0.13165280076009325,0.10718091764338988
20000,0.11065808832327403,0.08765761517976053,0.16214060175744455,0.13349265612920708
30000,0.14820307667989313,0.11951001568890142,0.19150628148667653,0.15896300967756855
40000,0.18400637079040758,0.150113465709734,0.2197911402744503,0.18361888371752288
50000,0.21814876702684177,0.179516937291376,0.24703495836485567,0.2074863233084116
60000,0.2507073136557495,0.20776748226143293,0.2732760518669357,0.23059054065238438
70000,0.28175548471105283,0.23491030751896158,0.29855132664302936,0.2529559417271318
80000,0.31136334580100333,0.2609888473751521,0.32289633021372266,0.2746061520669687
90000,0.33959771222343604,0.28604483305749273,0.3463453017524079,0.29556404171950057
100000,0.36652229974613204,0.3101183594886374,0.3689312202397639,0.31585174940423866
110000,0.3921978683925511,0.33324794944683567,0.3906858508458828,0.3354907058986803
120000,0.41668235955741195,0.3554706152105961,0.4116397896052749,0.3545016566765601
130000,0.4400310267615466,0.376821917786229,0.43182250644758546,0.3729046838221856
140000,0.46229656034109745,0.39733602381304295,0.451262386644539,0.39071922724400604
150000,0.48352920635244345,0.4170457602372568,0.46998677073140616,0.4079641052098229
160000,0.5037768799611808,0.4359826668421173,0.4880219929591373,0.4246575342253348
170000,0.5230852735710436,0.45417704671828124,0.5053934183312423,0.44081714827701574
180000,0.5414979599367761,0.471658014755225,0.5221254782775077,0.4564600174596523
190000,0.5590564904936447,0.4884535442312799,0.5382417050147207,0.47160266600821865
200000,0.575800489125494,0.504590511576845,0.5537647646427274,0.4862610897531364
210000,0.5917677415829437,0.5200947393824099,0.5687164890223708,0.5004507730173571
220000,0.6069942807535205,0.5349910377202085,0.5831179064801437,0.5141867049731182
230000,0.6215144679761466,0.5493032438456276,0.5969892713827377,0.5274833954756503
240000,0.6353610705834896,0.5630542603419014,0.6103500926230846,0.5403548903905601
250000,0.6485653358471573,0.5762660917691308,0.6232191610579528,0.5528147864310822
260000,0.6611570614926121,0.5889598798762735,0.635614575935685,0.5648762455208719
270000,0.6731646629429305,0.6011559374324537,0.6475537703512504,0.57655200869751
280000,0.6846152374431567,0.6128737807317252,0.6590535357644063,0.5878544095714094
290000,0.6955346252099578,0.6241321608233074,0.6701300456154573,0.5987953873543371
300000,0.7059474677445755,0.6349490935172623,0.6807988780718192,0.6093864994713166
310000,0.7158772634406679,0.6453418882136356,0.6910750379373858,0.6196389337692332
320000,0.7253464206125289,0.6553271756011892,0.7009729777555063,0.6295635203350369
330000,0.7343763080633544,0.6649209342700517,0.7105066181352563,0.6391707429360292
340000,0.7429873033076706,0.6741385162808708,0.7196893673295897,0.6484707500943161
350000,0.7511988385567456,0.6829946717313863,0.7285341400929018,0.65747336580713
360000,0.7590294445707614,0.6915035723597329,0.7370533758445333,0.6661880999243377
370000,0.7664967924767021,0.6996788342222449,0.7452590561637524,0.6746241581941058
380000,0.7736177336463322,0.707533539482051,0.7531627216408256,0.6827904519873262
390000,0.7804083377242527,0.715080257343327,0.7607754881078757,0.6906956077110816
400000,0.7868839288918548,0.7223310641647033,0.7681080622723504,0.6983479759210893
410000,0.7930591204490053,0.7292975627840151,0.7751707567750963,0.7057556401427522
420000,0.7989478477915043,0.7359909010853193,0.7819735046942088,0.712926425410134
430000,0.8045633998587337,0.742421789837886,0.7885258735150598,0.7198679065318792
440000,0.8099184491224652,0.7486005198357156,0.7948370785861515,0.7265874160928086
450000,0.8150250801845008,0.7545369783650039,0.8009159960797183,0.7330920521996446
460000,0.8198948170476823,0.7602406650259098,0.8067711754753073,0.739388685979045
470000,0.8245386491218122,0.7657207069339421,0.8124108515838927,0.7454839688358708
480000,0.8289670560231717,0.7709858733252919,0.8178429561294355,0.75138433947935
490000,0.8331900312236009,0.7760445895894804,0.8230751289041783,0.7570960307245636
500000,0.8372171046025095,0.7809049507517808,0.8281147285133615,0.762625076076435
510000,0.8410573639527104,0.7855747344269852,0.8329688427244747,0.7679773161031822
520000,0.8447194754886074,0.7900614132652475,0.8376442984355984,0.7731584046059592
530000,0.8482117034030187,0.7943721669099181,0.8421476712768534,0.77817381459121
540000,0.8515419285167674,0.798513893486505,0.846485294858466,0.7830288440520411
550000,0.8547176660631274,0.8024932206411461,0.8506632696784493,0.7877286215647179
560000,0.8577460826472567,0.8063165161462575,0.8546874717024354,0.7922781117062013
570000,0.8606340124188911,0.8099898980903271,0.8585635606277198,0.7966821202984437
580000,0.8633879724947932,0.813519244668162,0.8622969878431431,0.800945299484984
590000,0.8660141776657624,0.816910203587254,0.8658930040960059,0.8050721526452087
600000,0.8685185544213938,0.8201682011053171,0.8693566668767966,0.8090670391514636
610000,0.8709067543242337,0.8232984507134565,0.8726928475321216,0.8129341789740463
620000,0.8731841667635163,0.8263059614788676,0.8759062381158389,0.816677657138943
630000,0.8753559311172586,0.8291955460604115,0.879001357988032,0.8203014280430164
640000,0.8774269483501635,0.8319718284098963,0.8819825601711052,0.823809319631205
650000,0.8794018920734996,0.8346392511713862,0.8848540374719385,0.827205037440146
660000,0.8812852190919206,0.8372020827903802,0.887619828378713,0.8304921685124926
670000,0.8830811794610205,0.8396644243442354,0.8902838227407014,0.8336741851860624
680000,0.8847938260783251,0.8420302161047655,0.8928497672390082,0.8367544487618154
690000,0.8864270238293621,0.8443032438435162,0.8953212706559589,0.8397362130545419
700000,0.8879844583094476,0.8464871448898083,0.8977018089505437,0.8426226278300065
710000,0.889469644140875,0.8485854139512393,0.8999947301470584,0.8454167421321812
720000,0.8908859329042724,0.8506014087059625,0.9022032590438152,0.848121507504081
730000,0.8922365207020281,0.8525383551756868,0.9043305017485463,0.8507397811056062
740000,0.8935244553708532,0.8543993528880013,0.9063794500468808,0.8532743287316834
750000,0.8947526433597554,0.8561873798362798,0.9083529856100351,0.8557278277338928
760000,0.8959238562889481,0.8579052972451054,0.9102538840476389,0.85810286984867
770000,0.8970407372044947,0.8595558541488412,0.9120848188113931,0.8604019639350694
780000,0.8981058065428019,0.8611416917906703,0.9138483649550521,0.8626275386249782
790000,0.8991214678184241,0.86266534784915,0.9155470027560175,0.8647819448885864
800000,0.9000900130480126,0.8641292604990378,0.917183121203637,0.8668674585178162
